1,2,3,4
33.4,26.9,29.6,7883.3
33.2,27.5,33.5,8242.5
32.9,28.2,39.6,8629.8
33,28.8,45.2,9178.8
32.8,29.4,51.1,9785.8
33,30.2,57.9,10502
33,30.6,64.2,10980.3
32.9,31,68.7,11826.7
32.8,34.5,75.3,11687
32.9,35.7,69,10390.5
32.9,35.9,63,9666.8
32.9,35.9,56.9,8845.3
32.9,35.5,51.5,8263.3
33,35.1,45.4,7690.5
32.9,34.7,39.2,7200.8
32.9,34.5,35.3,6830
33,34.9,34.9,6823
33,36.1,38.2,6929.3
32.9,37.3,44.6,7416.3
32.9,38,50.9,7924.3
33,38.6,56.9,8461.8
32.9,38.8,62.8,9094
32.9,39.2,68.7,9766.8
33,39.4,72.2,10253
32.9,40.2,74,10183.5
32.9,42.7,69.4,9119.7
33,42.9,62.5,8263.3
32.9,42.7,56,7421.8
32.8,42.5,50.9,7015
33,42.1,45.4,6587
32.8,41.7,39.2,6011.3
33,41.3,35.5,5722
32.9,41.7,35.1,5693.5
33,42.9,38.6,5842.8
32.9,44,44.6,6182
33,44.6,50.5,6627.8
33,45,56.5,7108.8
32.9,45.4,62.3,7663.8
33,45.8,68.1,8193
32.9,45.8,71.6,8647.3
33,47.2,72.8,8535
32.8,49.2,69,7619
32.9,49.6,62.8,7060
33,49.4,56.7,6343.5
33,49,50.7,5810.3
32.9,48.6,45.4,5344
33,48.4,39.4,4895.3
32.8,48,35.1,4698.8
32.9,48.6,34.7,4587.5
33,49.8,38.2,4742.3
33,50.7,43.8,5174
33,51.3,50,5386.3
32.9,51.7,55.8,5832.3
33,52.1,61.3,6316
32.8,52.5,67.5,7016.5
32.9,52.9,72,7285.3
33,53.8,74.4,7231.3
32.9,56.3,68.5,6392.8
32.9,56.7,63.2,5800.8
33,56.7,57.3,5247.5
32.9,56.3,51.3,4830.3
32.9,56.2,45,4422.8
32.9,55.8,39.4,3999.5
32.9,55.8,35.1,3831.5
33,56.3,34.7,3789
32.9,57.5,38.4,3842.8
32.9,58.5,44.4,4223.3
33,59.1,50.9,4561
33,59.7,57.1,5026.8
32.9,60.1,63.2,5350.3
33,60.5,69,5825.3
33,60.7,73.6,6203
33,60.9,75.1,6278
32.9,62.3,70.2,5647.8
33,62.3,64.2,5122.3
32.9,62.3,58.1,4628.8
33,62.1,51.7,4228
32.9,61.7,45.4,3768.3
33,61.5,39.4,3374
32.9,61.3,35.7,3294
38,61.1,34.9,3350.5
37.9,61.1,38,3715.7
37.8,61.3,44.6,4022.5
37.9,61.5,50.9,4484
37.9,61.7,56.7,4807
37.9,62.1,63.4,5300
37.8,62.3,69.6,5749
37.9,62.6,73.6,6110.5
37.8,62.1,75.5,6230
37.9,60.1,69.8,6039
37.9,59.5,63.8,5601.8
37.7,59.1,57.9,5104.5
37.9,58.7,51.9,4683.5
37.8,58.5,45.6,4380.3
37.9,58.1,39.4,3859.3
37.9,57.9,35.3,3725.3
37.9,56.3,34.9,3834.3
37.8,55.4,38.4,4238
37.8,55,44.8,4718.8
37.8,55,51.3,5224
37.9,55,57.1,5881.3
37.8,55.2,63.2,6221.8
37.8,55.6,69.6,6779.5
37.9,55.8,73.6,7256.8
37.8,54.2,75.3,7530.3
37.8,53.1,69.8,7069
37.8,52.5,64,6676.3
37.8,52.3,58.1,6178
37.8,51.9,51.7,5774
37.8,51.5,45.4,5165.3
37.9,51.1,39,4871
37.9,50.9,35.1,4526.8
37.8,48.8,34.7,4804.3
37.8,48.2,38.4,5091.8
37.8,47.8,44.4,5743
37.9,47.8,50.9,6285.5
37.8,48,57.1,6875
37.9,48.2,63.2,7548.7
37.8,48.6,70.2,8143.8
37.9,48.8,73.6,8546.3
37.9,47.2,75.3,8988.3
37.8,46.2,70,8556.5
37.8,45.8,64,7932
37.8,45.2,58.1,7442.3
37.8,44.6,52.1,6881.5
37.9,44.2,45.8,6334.8
37.9,43.8,39.4,5866
37.8,43.5,35.3,5567
37.7,41.3,34.7,5786
37.9,40.7,38.6,6274.8
37.8,40.4,44.6,6861.5
37.9,40.2,50.9,7549.3
37.7,40.2,56.7,8104.8
37.9,40.4,62.1,8819.3
37.8,40.7,68.1,9438.3
37.7,40.7,72,10050.8
37.9,39,73,10380.3
37.9,38,67.7,10064
37.8,37.6,61.9,9386
37.9,37.1,56,8785.5
37.8,36.7,50.3,8196.8
37.9,36.3,44.4,7650.3
37.9,35.9,38.8,7141.8
37.8,35.7,34.9,6901.5
37.8,33.3,34.1,7281.5
37.9,32.7,37.8,7700.5
37.8,32.3,43.5,8440.5
37.9,32.3,49.2,8935.8
37.8,32.5,55,9668.5
37.9,32.7,60.7,10366
37.9,33.1,67.9,11292.5
37.8,33.1,70.8,11594.8
37.7,33.3,72.8,11825.3
37.8,32.9,67.1,11194
37.9,32.5,61.7,10528.8
37.8,32.3,56,9884.7
37.8,31.9,50.3,9321.3
37.7,31.7,44.4,8631.7
37.8,31.3,38.4,8120.8
37.8,31.2,34.5,7793.3
43,31.2,34.3,8193.3
42.7,31.2,37.6,8506.5
42.9,31.3,43.5,9133.3
42.9,31.5,49.6,9854.3
42.8,31.9,55.4,10386.5
42.8,32.1,61.3,11110
42.9,32.7,67.5,11922.3
42.9,32.9,72,12360.3
42.9,33.9,73.6,12482
42.8,36.5,68.5,10974.3
42.8,36.9,62.8,10185
42.9,36.7,56.9,9471.3
42.8,36.5,51.1,8792
42.9,36.3,45,8291.3
42.8,35.9,39,7691
42.7,35.7,34.9,7356.3
42.7,36.1,34.7,7361.3
42.7,37.3,38.2,7354
42.8,38.2,44.2,7828.3
42.8,38.8,50.5,8302.5
42.8,39.4,56.7,8820
42.9,39.8,62.6,9465.8
42.9,40.2,69,10170
42.9,40.4,72.8,10675
42.9,41.5,74.6,10625
42.9,43.8,70,9364.8
42.8,44.4,63.6,8522.3
42.8,44.2,57.9,7973.3
42.9,43.8,51.9,7423.5
42.8,43.5,45.8,6726.8
42.7,43.1,39.6,6352.5
42.9,42.7,35.3,6011.8
42.9,43.3,34.9,6025
42.8,44.4,38.6,6142
42.7,45.4,44.6,6356
42.8,46,51.3,6994.5
42.9,46.4,57.5,7550.3
42.7,46.8,63.6,8160.8
42.8,47.2,69.8,8687
42.7,47.4,74,9131.7
42.7,48.2,76.1,9139
42.9,50.7,70.6,8007
42.7,50.9,64.6,7312.3
42.8,50.9,58.3,6615.3
42.7,50.7,52.1,6275.3
42.8,50.3,45.4,5666.3
42.9,49.8,39.4,5220.5
42.9,49.6,35.3,4965.3
42.8,50.1,34.9,4944.8
42.7,51.3,38.6,5088.8
42.9,52.1,44.8,5364
42.8,52.7,51.3,5779.5
42.9,53.2,57.3,6418.5
42.9,53.6,64,6770.5
42.7,54,70.4,7141
42.7,54.4,74.4,7641.8
42.9,55.2,76.3,7887.5
42.9,57.5,72,6834.5
42.8,57.9,64.6,6134
42.9,57.7,58.3,5669
42.8,57.5,52.5,5087
42.8,57.1,45.8,4628.5
42.9,56.9,39.6,4318
42.9,56.5,35.3,4061.7
42.7,57.1,34.9,4096.3
42.8,58.3,38.6,4290
42.7,59.3,44.8,4516
42.9,59.9,51.3,4980.3
42.7,60.3,57.7,5309.5
42.9,60.5,63.6,5755.3
42.7,61.1,70.6,6355
42.8,61.3,74.4,6582.3
42.8,61.5,75.7,6709.3
42.8,62.6,70.8,6047.5
42.8,62.8,64.8,5509.5
42.8,62.6,58.3,5012
42.9,62.3,52.1,4636.5
42.8,61.9,45.8,4205.5
42.7,61.5,39.4,3790
42.9,61.3,35.3,3646
48.2,61.1,34.9,3898.7
47.8,61.1,38.4,4000
47.8,61.3,44.8,4539.8
47.8,61.5,51.3,4956.8
48,61.7,57.5,5360.8
47.8,62.1,63.8,5888
47.9,62.3,70.2,6224.3
48,62.6,75.1,6591.3
47.9,61.9,76.5,6865
48,60.1,70.6,6450.8
47.8,59.5,64.4,6234.5
47.8,59.1,58.3,5657.3
47.9,58.7,52.3,5236
47.9,58.5,46,4804
47.9,58.1,39.6,4404
47.8,57.9,35.3,4226.5
47.9,56.5,34.9,4285.5
47.8,55.6,38.6,4772
48,55,44.8,5153.3
47.9,55,51.1,5732.3
47.8,55,57.7,6323.5
47.8,55.2,63.8,6772.3
47.9,55.4,70,7447.3
48,55.6,74.4,7839
47.8,54.2,76.7,8197.8
47.8,53.2,70.8,7774.3
47.9,52.5,64.8,7107.5
47.8,52.3,58.5,6655.7
48,51.9,52.1,6391.3
47.8,51.5,46,5870
47.9,51.3,39.6,5297
47.9,51.1,35.1,5151
47.8,49.2,34.7,5310.3
47.8,48.4,38.4,5742.3
47.8,48.2,45,6341.3
48,48.2,51.1,6915.5
48,48.2,57.9,7404.8
48,48.4,63.8,8116.8
47.8,48.8,70,8692.8
47.9,48.8,74,9186.5
48,47.4,76.1,9537
47.9,46.4,70.6,9120
47.9,46,64.4,8458.3
47.9,45.6,58.3,8071.3
48,45.2,51.9,7517
47.8,45,45.6,6993
47.9,44.8,39.2,6368.8
47.9,44.4,35.1,6143
47.9,42.3,34.5,6502
47.8,41.7,38.4,6876.3
48,41.5,44.6,7559.8
47.9,41.5,50.9,8181.8
47.8,41.7,56.9,8831.5
48,41.9,62.8,9414.5
47.9,42.3,69.8,10162.3
47.9,42.5,73,10579.5
47.9,41.1,75.1,11176.3
47.8,40.2,69.6,10634.8
48,39.8,63.8,10004.3
47.8,39.4,57.7,9331.8
47.9,39,51.5,8668
48,38.6,45.4,8319.8
47.8,38.2,39.2,7665
47.8,38,34.9,7393
47.9,35.7,34.3,7776
47.9,35.3,38.2,8196.5
47.9,35.1,44.4,8888
47.9,35.1,50.7,9560.3
47.9,35.1,56.7,10221.8
47.9,35.3,63,10995
47.9,35.7,69,11791.3
48,35.9,73,12343.7
48,35.9,75.3,12496.5
48,35.5,70.2,11963.5
48,35.1,64.2,11139.8
47.9,34.7,58.1,10379
47.8,34.3,51.9,9873.3
47.9,33.9,45.6,9214.5
47.8,33.5,39.2,8760
47.9,32.9,35.3,8338.5
53.4,32.9,34.9,8796
52.9,32.7,38.2,9078.8
52.9,32.9,44.6,9785.5
52.8,33.1,50.1,10307.3
52.8,33.5,56.3,10968.3
52.8,33.9,62.5,11678
52.8,34.1,68.8,12472.5
52.9,35.3,74,12992.8
52.8,36.1,73.4,12916.8
52.9,38.8,67.5,11399.5
52.8,39.2,62.1,10557.3
52.8,39.2,56.9,9907
52.9,38.8,51.5,9318.5
52.9,38.6,45.2,8768
52.9,38.2,39.4,8256
52.8,38,35.5,7850
52.9,38.4,35.1,7895.7
52.9,39.6,38.6,7833
53,40.7,44.6,8340
52.9,41.1,50.3,8766.8
52.8,41.5,56.3,9329.3
52.9,41.9,63,9961.8
53,42.3,70.8,10641
53,42.3,75.1,11299
52.8,43.1,76.7,11204.5
52.9,45.4,71,9912.5
52.9,45.6,64.4,9183.8
52.9,44.8,61.5,8607.3
52.7,44,54.6,8033.3
52.8,44,46.2,7459.8
53,44,39.8,6939.5
52.9,43.8,35.7,6608.3
52.8,44.2,35.3,6658.3
52.9,45.4,38.8,6770.5
52.8,46.2,45,7088.3
52.9,47,51.9,7507
52.9,47.4,57.9,8078.3
53,47.8,64,8688.8
52.9,48.2,71.4,9278.8
52.8,48.4,75.3,9764.3
52.9,49.4,77.1,9741.3
52.8,51.7,72,8632.5
52.9,51.9,65.2,7907
52.9,51.7,59.1,7309.8
52.9,51.5,52.7,6775.3
53,51.1,46.4,6191.8
52.9,50.7,40,5777.5
52.9,50.5,35.9,5477
52.9,51.1,35.5,5527.5
52.8,52.3,39,5536
52.8,53.2,45.2,5889.8
53,53.8,51.9,6485.8
52.9,54.2,58.1,6757.3
53,54.6,64.4,7351.7
52.8,55,72,7860.8
52.9,55.2,75.3,8248.5
52.9,56.3,77.3,8396.3
52.9,58.3,72,7339.3
52.9,58.7,65.4,6651.7
52.9,58.7,59.1,6218
52.8,58.5,52.5,5626.8
52.8,58.1,46.4,5220.8
52.9,57.7,40,4781.5
53,57.5,35.7,4622.5
52.8,57.9,35.3,4494
52.9,59.1,39,4614.8
53,60.1,45.2,5014.8
52.8,60.7,51.7,5338.5
52.9,61.1,58.1,5821.5
52.9,61.5,64.6,6229.5
52.8,61.9,71.4,6737.3
52.9,62.3,75.3,7162
53,62.3,76.5,7190.8
52.9,63.6,72,6498.3
52.8,63.6,64.8,5825.3
52.9,63.4,58.9,5453.8
52.9,63.2,52.7,5073.8
52.8,62.8,46.2,4639.3
53,62.5,40,4098
52.9,62.3,35.7,3993
57.9,62.3,35.3,4246.8
57.7,62.1,39,4438
57.7,62.3,45.2,4824.5
57.7,62.5,51.7,5440.8
57.7,62.6,58.3,5771
57.7,63,64.8,6250.5
57.7,63.2,71,6704.3
57.7,63.2,75.1,7181.3
57.7,62.3,77.1,7420.3
57.8,60.9,72,7070.5
57.7,60.1,65.2,6682.5
57.7,59.9,58.9,6175.8
57.6,59.5,52.9,5582.8
57.7,58.9,46.4,5184.3
57.7,57.7,40,4948.8
57.8,57.3,35.9,4791.5
57.7,55.6,35.5,4812.7
57.7,54.6,39.2,5305.8
57.7,54.2,45.4,5912.5
57.6,54.2,51.7,6407
57.7,54.4,57.7,6923.8
57.7,55,62.3,7384
57.7,55.2,67.7,7847.8
57.7,55.4,72,8206
57.7,53.8,75.1,8816.5
57.7,52.7,69,8348
57.7,52.3,63.6,7836.5
57.7,52.5,54,7110.5
57.7,52.1,47.8,6801
57.7,51.1,42.9,6347.3
57.6,54.8,42.3,6022.5
57.7,54,38.8,5619.3
57.8,47.8,34.1,5698.3
57.7,46.8,37.8,6314.3
57.8,46.2,43.1,6722.8
57.5,46.2,48.4,7180.3
57.5,46.4,54.4,7705.8
57.7,46.4,59.7,8245
57.7,46.6,64.8,8899.5
57.7,47,68.8,9070.5
57.8,45.4,70.2,9561.3
57.7,44.2,64.8,9298.5
57.7,43.8,59.9,8830.3
57.7,43.3,54.2,8299
57.7,42.5,49.4,7877.8
57.8,42.3,43.1,7459.3
57.7,42.1,38.2,7069.3
57.7,41.7,34.7,6821.8
57.7,39.6,34.1,7217.5
57.6,39,37.6,7561.5
57.7,38.8,43.1,8105.5
57.6,38.8,48.8,8741.3
57.8,38.8,54.8,9350.5
57.7,39,59.9,9902.5
57.7,39.4,66.3,10400
57.7,39.4,70,10725.3
57.8,38,72,11444.8
57.8,37.1,66.3,11045
57.7,36.5,60.7,10485.3
57.7,36.7,53.4,10160
57.6,36.5,48,9610.3
57.7,36.5,42.9,8962.3
57.7,35.9,37.6,8460.8
57.7,35.5,34.1,8199
57.7,33.3,34.1,8670
57.7,32.9,37.1,9179.5
57.5,32.7,42.7,9780
57.8,32.5,48,10235
57.8,32.7,54,10967.3
57.6,32.9,59.5,11586.3
57.7,32.9,65.2,12192.8
57.5,33.1,69.4,12664
57.8,33.3,70.6,12756.5
57.7,32.7,65.2,12309.3
57.5,32.3,59.3,11646.7
57.5,32.3,53.4,11167.3
57.7,31.9,55.2,11152.7
57.7,31.3,48.2,10597.7
57.8,31,41.5,9834.3
57.7,30.6,36.7,9510.8
63,30.6,36.3,10005
62.8,30.6,40.6,10499.8
62.8,30.8,47.2,10922
62.7,31,54,11798.8
62.8,31.3,59.9,12445
62.7,31.9,66.3,13068
62.5,32.5,73,13760.8
62.8,32.7,77.9,14439.3
62.8,33.7,79.8,14295.3
62.8,34.3,76.5,13685.8
62.7,35.1,70,12527
62.6,35.7,60.7,11273.3
62.9,35.7,54,10604.3
62.8,35.5,47.2,9965
62.8,35.3,40.4,9358.3
62.7,35.1,36.1,9025
62.7,35.7,35.7,8910.8
62.6,36.9,39.6,8947.8
62.9,38,46.4,9316.3
62.8,38.6,53.2,9968.3
62.8,39,59.7,10508.5
62.8,39.4,65.9,11040.8
62.6,39.8,73.4,11668
62.8,40,77.5,12202.5
62.8,40.7,79.2,12263.8
62.8,41.3,75.9,11547
62.8,42.1,68.5,10507.3
62.9,42.7,60.5,9595.8
62.7,42.5,54.2,8924.3
62.8,42.3,47.2,8380.3
62.8,41.9,40.4,7900.3
62.8,41.7,35.9,7617.8
62.8,42.3,35.5,7496.8
62.5,43.5,39.4,7500.3
62.8,44.4,46.2,7962.5
62.8,45.2,52.9,8438
62.8,45.4,59.3,8942.3
62.8,45.8,66.7,9602
62.8,46.2,73.2,10233
62.7,46.4,77.7,10564.8
62.8,47.2,79.2,10709
62.8,48,75.9,10012.8
62.7,48.4,70.8,9196
62.8,49,60.7,8356.5
62.8,49.2,53.6,7639.3
62.8,48.8,47,7177.3
62.8,48.6,40.4,6703.3
62.8,48.4,36.1,6388.3
62.8,49,35.5,6273.3
62.9,50.3,39.4,6451.8
62.8,51.1,46,6813.5
62.8,51.7,52.9,7202.8
62.7,52.1,59.5,7683.5
62.8,52.5,66.5,8144.7
62.8,52.7,73.2,8696.8
62.7,52.9,77.3,9066.5
62.8,53.8,79.2,9039
62.8,54.4,75.7,8691.5
62.8,55.6,67.1,7566
62.7,56,59.7,6864.3
62.8,55.8,53.6,6420
62.6,55.6,46.8,6020
62.8,55.2,40.2,5525.8
62.9,55,36.3,5360.3
62.8,55.6,35.5,5300.3
62.8,56.9,39.4,5353.3
62.8,57.9,46,5584.7
62.8,58.3,52.9,6043
62.8,58.9,59.5,6568
62.8,59.1,66.1,6889.8
62.9,59.5,73,7505
62.8,59.7,77.5,7805.3
62.6,59.9,78.6,7760
62.8,60.1,75.7,7570
62.9,60.3,69.4,6953.3
62.8,60.5,60.3,6082.8
62.8,60.3,53.6,5812.5
62.8,59.9,47,5317.8
62.7,59.7,40.4,4887
62.7,59.5,35.9,4825.5
68,59.3,35.5,4973.3
67.9,59.3,39.4,5290
67.9,59.5,46.2,5749
67.8,59.7,52.9,6116.5
68,60.1,59.5,6583.7
67.9,60.3,66.5,7130.8
67.9,60.3,73.4,7685.8
67.9,60.3,77.5,7747
67.8,60.3,79.2,7898.5
67.9,59.5,76.5,7828
67.8,58.9,70.8,7409.3
67.9,57.5,61.9,6738.3
67.8,56.5,55,6355.3
67.7,55.8,48.2,6224.8
67.9,55.2,41.5,5706.8
67.6,54.8,37.1,5603.8
68,54.4,36.7,5634
67.9,53.1,40.4,6055.8
67.9,52.3,47.4,6842.8
67.8,51.9,54.6,7342.8
67.6,52.1,61.1,7891.8
67.8,52.1,68.1,8594.7
67.8,52.5,75,9034.3
68,52.5,79.4,9487.3
67.7,51.5,81.5,9802.5
67.8,50.9,78.4,9578.5
67.9,50.1,69.2,8908.3
67.7,49.6,62.6,8418.5
67.9,49,54.8,7889
67.8,48.8,47.6,7546.5
67.9,48,41.1,6844.8
68,47.8,36.7,6616.5
67.9,46.4,36.3,6737.3
67.9,45.4,40,7366
67.8,45,47,7995
67.8,44.8,53.8,8614.5
67.9,45,60.1,9107
67.7,45.2,67.3,9725
67.8,45.6,74.2,10395
67.6,45.8,78.6,10940.8
67.8,45.6,78.6,10927.8
67.9,44.4,80.4,11406.5
68,44,76.7,11104.3
67.8,43.5,71.8,10478.5
67.8,42.5,61.3,9707.8
67.9,41.9,54.6,9293.8
68,41.5,48,8900.8
67.9,40.9,41.1,8290.5
67.9,40.7,36.7,7964.3
67.9,38.8,36.3,8402.3
67.9,38.2,40.4,9050.5
67.9,37.8,47.4,9591.3
67.9,37.8,54,10335.3
67.9,38,60.9,10990.3
67.9,38.2,68.1,11805
67.9,38.6,74.6,12446.7
67.9,38.6,79.2,12987.3
67.8,37.1,81.2,13707.5
67.9,36.7,77.7,13177
67.8,36.5,72.2,12606
67.8,35.9,63,11767.8
67.8,35.1,55,11079
68,34.5,48.2,10525
67.9,34.1,41.5,9983.8
67.9,33.9,37.1,9694.5
67.9,31.5,36.1,10065.5
67.8,31,40.4,10786.8
67.9,30.8,47.2,11399.3
67.9,31,54.2,12191.7
67.9,31.2,60.9,12966.3
67.9,31.5,67.9,13668
67.9,31.7,74.6,14339.8
68,31.9,78.8,15083.3
67.7,31.9,79.6,15047.8
67.9,31.9,77.7,14797
67.8,31.7,70.4,13790.8
67.9,31.2,61.5,13063.3
67.9,30.8,54.2,12265.8
67.8,30.4,47.6,11604.5
68,30,41.1,11009
67.8,29.8,36.3,10605
73.3,29.6,36.1,11227.5
72.9,29.6,40,11646.5
72.9,29.8,46.6,12303.3
72.8,29.8,53.4,13034
72.9,30.2,60.3,13739
72.9,30.6,66.3,14442.5
72.9,31,73.2,15173.5
72.8,31.3,77.5,15742.3
72.8,32.1,79.2,15785.7
72.8,32.7,76.1,15046.3
72.9,33.3,70.4,14020.3
72.9,33.7,63.4,12950.5
72.9,33.9,55.4,12054.3
72.9,33.7,50,11497.3
72.9,34.1,40.6,10764
72.8,33.7,36.5,10367.8
72.6,34.1,36.1,10269
72.9,35.3,39.8,10305
72.9,36.3,46.8,10833
72.9,36.9,53.1,11438.8
72.9,37.5,59.7,12077.3
72.9,37.8,66.1,12628.3
72.9,38.4,72.6,13466.3
72.9,38.4,77.1,13935.8
72.9,39.6,78.8,13991.7
72.8,40.4,75.3,13329.5
72.9,41.1,70.8,12460.5
72.9,41.7,61.5,11079
73,41.7,54,10252
72.9,41.3,47.6,9684.5
72.7,41.5,40.9,9113
72.9,41.5,36.7,8842.8
72.9,42.1,36.3,8691
72.7,43.5,40,8812
72.9,44.6,46.8,9159
73,45.2,54,9641.5
73,45.8,60.1,10183
72.7,46.2,66.7,10846.5
73,46.8,73,11497.5
72.9,47,78.2,11869.3
72.9,48,79.2,11827
72.9,48.8,76.1,11259
72.6,50.1,67.9,9950.8
72.9,50.3,61.5,9261.3
72.9,50.5,54.6,8601
72.8,50.1,48,8114.8
72.9,49.8,41.5,7558.3
72.9,49.6,36.7,7224
72.9,50.3,36.9,7257.5
72.8,51.5,40.9,7367
73,52.7,47.8,7761.8
72.9,53.2,54.2,8019.3
72.9,53.6,60.9,8601
72.8,54.2,67.3,9270.5
72.6,54.8,74.8,9696.5
72.9,55,78.2,10053.7
72.9,56,80.8,10109.8
72.7,56.7,76.7,9567.5
72.9,57.7,68.3,8622.3
72.9,58.3,61.5,7776
73,58.3,55.2,7324
72.7,57.9,48.4,6742.8
72.8,57.7,42.1,6368.8
72.9,57.5,38,6010
73,58.1,37.5,6092.3
72.8,59.5,41.3,6088
72.9,60.5,48.2,6393
72.9,61.1,54.6,6901.3
72.7,61.5,60.7,7225
72.6,62.1,67.3,7926.3
72.9,62.6,74.4,8264.8
72.9,62.8,78.8,8743.8
72.6,63,80,8720.8
73,63.2,77.3,8470.3
72.9,63.8,69,7490
72.9,63.8,61.7,6887.8
72.9,63.8,55.8,6407.3
72.9,63.4,49.2,5973
72.9,63.2,42.7,5730.8
72.9,63,38.4,5329
67.9,30,36.5,10217.8
67.7,29.4,40.2,10847.5
67.9,29.4,46.4,11463.5
67.7,29.6,52.7,11839.3
68,29.8,57.9,12389.3
67.9,29.8,64.6,13063.5
67.7,30,71,13637
67.9,30.4,78.4,14811.5
67.9,30.6,84.3,15559.8
68,30.8,87.1,16053.3
68,31.3,85.1,15498.3
67.9,31.9,80.6,14556.3
68,32.3,74.8,13746.5
67.6,32.7,68.5,12638.8
67.9,32.7,62.3,12011.3
67.9,32.9,55,11299
67.7,33.1,47.4,10592
67.9,33.1,39.4,9941
67.9,33.1,37.8,9722.3
67.8,34.5,40.7,9877.8
68,35.3,47.2,10111.5
67.7,35.7,53.2,10602
67.9,35.9,59.7,11191
67.9,36.1,66.3,11758.8
67.9,36.5,73.4,12425.8
67.7,36.7,80,13175.5
67.9,36.9,85.3,13895
67.9,37.1,89,14296.5
67.7,37.6,87.3,13788.3
67.9,38.4,81.7,12871.8
68,39,76.3,12100.3
67.8,39.2,69.2,11154
67.9,39.4,63,10539.5
67.8,39.4,56,9653.3
67.9,39.2,48,9023.8
68,39,40.6,8591.5
67.8,39,38.4,8461.3
68,40.2,41.5,8496.8
67.9,40.9,47.2,8889
67.9,41.3,53.4,9317.8
67.9,41.7,59.7,9729.3
67.6,41.7,66.1,10122.5
68,42.1,72.8,10753.3
68,42.3,79.8,11552.8
68,42.5,85.9,12132.8
67.8,42.9,89,12470.8
67.9,43.5,86.9,11910
68,44.2,81.3,11002.8
67.9,44.8,76.1,10265.8
68,45,68.8,9551
67.9,45.2,61.9,8948.8
67.9,45.4,54.6,8313.3
67.9,45.4,47.2,7759.5
67.9,45.2,39.6,7222
67.9,45.2,37.5,7256
67.8,46.6,40.2,7193.5
68,47.4,46.2,7603.5
67.7,48,52.9,7908.3
67.9,48.2,59.3,8323
67.9,48.8,66.3,8900.5
67.9,49,72.2,9345
67.7,49.2,78.8,9794
68,49.4,84.7,10357.5
68,49.8,89,10724.8
67.9,50.5,86.5,10144
68,51.1,81.7,9604
67.7,51.7,75.5,8954.5
67.9,52.1,68.8,8318
67.9,52.1,60.9,7666.8
67.9,52.3,53.8,7077.7
67.9,52.1,46.2,6608
67.9,51.9,38.6,6298.3
68,51.9,36.7,6117
67.9,53.2,39.8,6139.3
67.9,54,45.8,6510
67.9,54.4,52.5,6835
67.7,55,59.1,7159
68,55.2,65.6,7571.3
67.9,55.6,72.4,8068.3
67.9,55.8,79.4,8596.5
67.9,56,85.3,8970.8
67.9,56.3,89,9341.8
67.7,56.7,86.3,9056.8
67.9,57.7,81,8294.8
68,58.1,75.7,7775.5
67.9,58.5,68.1,7138
67.9,58.5,60.7,6540.3
67.9,58.5,54.6,6145.3
67.9,58.5,47,5744
67.9,58.3,38.4,5289.3
68,58.3,36.7,5446.8
68,59.5,39.8,5370.3
67.9,60.3,46,5602.3
68,60.9,52.5,5857
67.7,61.1,59.3,6300.5
68,61.5,65.7,6662.8
67.9,61.7,72.4,7030.5
67.9,61.9,78.8,7466
67.9,62.1,84.9,7868.3
67.8,62.3,85.5,8043.8
73.3,62.6,89,8441.8
72.9,62.6,85.5,8030.3
72.9,62.6,80.8,7683.5
72.9,62.8,74.4,7117
72.9,62.6,68.5,6747.8
72.6,62.5,60.9,6189
72.9,62.1,53.2,5614
72.8,61.9,45.8,5378
72.8,61.7,38.4,5107
72.9,61.5,36.9,5042
72.9,60.3,39.6,5384.8
72.9,59.3,45.8,5983
72.9,58.9,51.5,6274.5
72.9,58.9,58.5,6886.8
72.9,58.9,65.4,7203.5
72.8,59.1,72,7689
72.9,59.3,78.8,8236.5
72.8,59.5,85.1,8620.3
72.9,59.5,87.1,8864.8
72.6,58.9,84.7,8455.5
72.9,58.5,80.8,8311
72.9,57.7,74,7950.3
72.8,57.3,67.9,7470.8
72.9,57.1,61.1,6961
72.7,56.7,53.4,6584
72.9,56.3,45.6,6172.8
73,56,38.2,5827.8
72.9,55.8,36.7,5883.3
72.9,54.2,39.6,6282.8
72.9,53.4,45.6,6743.8
72.9,53.1,52.3,7285.3
72.9,52.9,58.9,7861.3
72.9,53.1,65.4,8238
72.9,53.2,72,8822.3
72.9,53.2,77.5,9227.3
72.7,53.4,83.9,9883.3
72.9,53.4,86.9,9980.8
72.9,53.2,85.1,9813.5
72.7,52.5,80,9527.3
73,51.9,72.8,8966
72.8,51.5,67.3,8570.8
72.9,51.1,60.5,8108.8
72.7,50.7,52.9,7770.8
73,50.3,46,7221
72.9,49.8,38,6804.5
72.9,49.8,36.7,6784
72.9,48.6,39.2,7072.8
72.9,47.6,45.6,7811.3
72.6,47.2,52.1,8391.8
72.9,47.2,58.5,8982.5
72.9,47.2,65,9449
73,47.2,72,9959
72.9,47.4,78.8,10820
72.8,47.6,84.7,11202.5
72.9,46.8,89.2,11947.3
72.9,46.2,84.3,11502.8
72.9,46,80.2,11164.7
72.9,45.6,73.6,10518.5
72.9,45.4,67.9,10001.8
72.9,45.2,60.7,9320.3
72.9,44.8,52.9,8897
72.8,44.4,45.8,8366
72.9,44,37.6,7944.3
72.7,43.8,36.3,7980.7
73,42.5,39,8442
72.9,41.5,45.4,9099.3
72.9,41.3,51.9,9699.5
72.9,41.3,58.7,10311.8
72.7,41.3,65.4,10999
73,41.3,71.6,11517.7
72.9,41.5,78.4,12203.5
72.8,41.7,84.7,12759.5
73,41.9,87.1,13067
72.9,41.3,85.1,12846.5
72.7,40.9,80.6,12358
72.9,40.2,73.6,11896.5
72.7,39.8,66.7,11165.3
72.9,39.4,60.9,10759.8
72.7,39,53.2,10092.3
72.9,38.8,45.8,9691.5
72.7,38.2,37.1,9140
72.9,37.8,35.7,9171.8
72.9,36.5,38.8,9834.3
72.9,35.7,45.2,10546
72.7,35.5,51.5,11022.3
72.6,35.5,58.1,11713.8
72.9,35.5,65.6,12451.5
72.8,35.7,72,13115.8
72.9,35.9,77.9,13813.8
72.9,35.9,83.5,14436
72.9,35.5,89.4,15432.8
72.7,34.9,86.3,14934.8
72.9,34.5,80.4,14269.5
72.9,34.3,73.6,13525.8
72.9,33.9,67.3,12885.5
72.8,33.7,60.1,12298.8
72.9,33.3,52.5,11589.3
72.9,32.9,45.2,11098
72.9,32.5,37.6,10536.8
78.1,32.3,35.9,11085.5
77.9,31.9,39.4,11488.8
77.9,31.9,45.8,12139
78,32.1,52.7,12731.3
77.9,32.1,58.5,13205.8
77.7,32.3,65,13796.3
78,32.5,72,14624
77.6,32.5,78.4,15413
77.9,32.7,84.7,16113.5
77.9,32.7,85.1,16130.5
77.6,33.1,89,16480.8
77.9,33.5,85.9,15919.8
77.9,34.3,81,14961
78,34.7,75.5,14270
77.9,34.9,68.3,13235.5
77.9,35.1,62.1,12583.8
77.9,35.1,54.8,11739.3
77.9,34.9,47,11177.5
77.9,34.5,39.6,10531
77.9,34.5,37.6,10445.8
77.9,35.5,40.6,10512.5
77.9,36.1,46.4,10821.8
77.9,36.5,53.8,11478.5
77.9,36.7,59.7,11945.5
77.7,36.9,65.7,12503
77.9,37.1,72.4,13268.5
77.8,37.3,79.6,13860
77.9,37.6,86.5,14618.8
77.7,37.6,86.3,14682.5
77.9,38,89,14627.8
77.9,38.6,85.1,13831
77.9,39.4,73.2,12577.8
77.9,39.6,63.8,11696
77.9,39.8,56.9,11019.8
77.9,40,51.7,10620.5
77.9,40,45.4,10008.5
77.9,40,40,9547.3
77.9,39.6,34.3,9080.5
77.8,39.6,33.5,9103.3
77.9,40.4,36.7,9158.8
77.9,41.3,41.7,9413.8
77.6,41.7,46.6,9798.5
77.9,42.1,50.3,10078
77.6,42.5,56.7,10513.5
77.9,42.5,60.3,10907.5
77.9,42.9,66.5,11535
77.6,43.5,72.4,12133.5
78,45.8,73.8,11716
78,46.6,68.5,10893.3
77.9,46.6,65,10302
77.9,46.2,60.1,9886.8
77.8,46,54.8,9454.5
77.9,45.8,50.1,9039.5
77.9,45.4,45,8610.3
77.6,45.2,40.2,8266.5
77.9,44.8,34.7,7944.3
77.9,44.6,33.9,8089.5
77.9,45.8,36.9,8017.8
77.9,46.4,41.5,8305.5
77.8,47,46.4,8594.3
78,47.6,52.1,8873
77.8,47.8,57.3,9378.8
78,48,62.1,9717.8
77.9,48.2,67.3,10164.5
78,48.4,71.2,10633.8
77.9,49.2,74.6,10889.8
77.9,50.9,69.8,10022
77.6,51.7,64.4,9219.3
78,51.9,58.3,8787.8
77.9,51.9,54.6,8313.3
77.9,51.7,49.4,7788.8
77.9,51.7,44.8,7436
77.8,51.5,40.4,7206.3
78,51.1,34.5,6944.8
78,51.1,33.7,6847.3
78,52.1,36.3,6883
77.9,52.7,41.1,7105.8
78,53.2,46,7417.8
77.9,53.6,51.3,7725.3
78,53.8,55.4,7972.3
77.9,54.2,60.3,8435.3
77.9,54.4,65.2,8819.8
78,54.6,69.8,9236.3
77.7,54.8,72.6,9418.8
77.6,57.1,68.8,8672.3
77.7,57.7,63.6,7985
78,57.9,58.7,7577.8
77.9,57.9,54,7136.8
77.6,57.7,49.8,6823
77.8,57.5,45.8,6445
77.8,57.1,43.5,5936.3
78,56,38.6,5365.5
77.9,55.8,38.2,5415.5
77.9,55.2,36.5,5295.3
77.9,55.6,39.8,5349.5
77.9,55.8,45.2,5727
77.8,55.8,51.7,6075.3
77.9,56,57.9,6519.5
77.6,56.2,64.6,7087.5
77.9,56.3,69.4,7594.3
77.8,56.5,76.5,8094.8
77.9,56.7,81.3,8389.5
83.1,56.9,86.5,9251.8
82.9,56.9,83.1,8827.5
82.9,56.9,78.1,8290.8
82.9,56.9,72.6,8015.8
82.9,56.9,66.1,7418
83,56.7,60.3,6926.3
83,56.7,53.1,6396.5
82.9,56.5,46.8,6113.5
82.9,56.5,39.8,5763.7
82.9,56.5,38,5634.5
82.9,55,39.6,6104.5
82.8,54.2,45.2,6667.3
82.9,53.6,51.5,7047.8
82.9,53.6,57.3,7666
82.8,53.6,62.6,8003.5
82.9,53.6,67.1,8309.3
82.7,53.6,74.2,8919.5
82.9,53.8,81,9486
82.9,53.6,85.5,9860.5
82.9,52.3,80.8,9793.8
82.9,52.1,75.5,9445.3
82.9,51.7,68.7,8691.5
82.9,51.5,63.4,8348.8
82.8,51.5,57.3,7816.5
82.9,51.3,50.9,7428
82.8,51.3,45.2,7015
83,50.9,39,6681
82.9,50.7,36.3,6559.8
82.5,49,39,7018.3
82.9,48.2,44.8,7739.5
82.9,47.8,51.1,8263.5
82.9,47.8,57.1,8727
82.8,48,63,9285
82.9,48.2,69.4,9710.5
82.9,48.4,75.5,10378
82.9,48.6,82.3,10944.3
82.8,48.4,84.7,11222.7
82.9,47,81.2,11206.5
82.7,46.6,75.9,10780
82.5,46.2,70,10186.3
82.9,46,64.4,9783.8
82.8,45.8,58.5,9094
83,45.6,52.5,8780
82.8,45.2,47,8371.8
83,45,40.7,7874.5
82.8,44.8,38,7734.3
82.6,43.3,40.2,8484.3
82.7,42.7,46,9028.8
82.9,42.5,52.1,9502.3
82.9,42.5,58.1,10104.5
82.8,42.5,65.2,10720.7
82.9,42.7,70.4,11279.3
82.7,42.7,76.5,11849.5
82.8,42.9,83.5,12708.3
82.9,43.1,86.3,12963
82.9,41.7,82.1,12832
82.9,40.9,76.5,12306
82.9,40.7,71.2,11723.3
83,40.4,64.4,11159.8
82.8,40.4,58.1,10588
82.9,40.2,52.1,10233.3
82.9,40,46,9636.3
82.9,39.8,39.2,9122
82.8,39.8,37.5,9142.5
82.9,38.4,40,9677.3
82.9,37.8,45.2,10421.3
82.9,37.6,52.5,10937
82.8,37.6,58.5,11627.5
82.6,37.6,64.6,12234.5
82.6,37.8,72,12839.3
82.9,38,76.3,13601.7
82.8,38.4,82.9,14195.3
82.9,38.6,86.1,14589.3
82.8,37.3,80.8,14520
82.6,36.9,74.8,13874.5
82.9,36.7,68.1,13125.3
82.9,36.5,62.1,12604.3
82.8,36.3,56.7,12037.3
82.7,36.1,49,11430
82.9,36.1,44,11012.5
82.9,35.9,37.8,10514.3
82.9,35.7,36.3,10353.5
82.8,34.5,38.8,10947
82.8,33.7,44.6,11758
82.8,33.5,50.7,12324.3
82.9,33.5,56.9,13143.3
82.8,33.7,63,13704.5
82.7,33.9,69,14315.8
82.9,34.1,75.1,14987.3
82.7,34.3,81.7,15821
83,34.3,82.3,15941.3
82.9,34.3,85.1,16331.5
82.9,32.7,80.8,16237.3
82.6,32.3,74.4,15524.8
82.9,31.9,68.1,14828.3
82.9,31.9,62.3,14153.3
82.7,31.7,56.5,13428.7
82.9,31.5,49.8,12956.5
82.9,31.3,43.8,12268.5
82.9,31,37.6,11910.5
91.2,30.8,34.9,12835
90.9,30.8,38.4,13058
90.5,30.8,44.6,13579.5
90.9,31,50.7,14286.8
90.9,31.2,56.7,14948.3
90.7,31.3,62.5,15486.8
90.9,31.7,68.3,16201.3
90.9,31.9,75.9,16934.8
90.5,32.1,81.7,17494.3
90.9,32.7,85.7,18022
90.7,34.5,80.4,16482.3
90.9,34.7,74.4,15513.5
90.6,34.7,67.5,14709.5
90.9,34.7,61.9,14196.3
90.9,34.5,56,13586.8
91,34.3,49.6,12981.5
90.9,34.1,43.8,12518
90.5,33.9,37.1,11915.8
90.9,33.9,35.7,11869.5
90.9,34.7,38.4,11923.7
90.8,35.5,44.2,12183
90.9,36.1,50.3,12639.8
90.9,36.3,56.9,13148.5
90.8,36.7,63,13775
90.9,36.9,68.1,14246
90.9,37.1,74.2,14859.5
90.8,37.3,81,15551.8
90.9,37.6,83.5,15783.3
90.9,39.4,79.8,14711.5
90.9,39.8,74.6,13855.3
90.8,40,68.1,13225.7
90.6,39.8,61.5,12408
90.9,39.8,55.6,11902.8
90.8,39.6,49.2,11279
90.7,39.4,43.7,10767.3
90.9,39.2,37.3,10368.8
90.9,39.2,35.9,10406.8
90.7,40,38.4,10264.8
90.7,40.9,44,10514
90.6,41.3,50.1,10897.8
90.9,41.7,56.2,11408
90.8,41.9,62.5,11965.8
90.6,42.3,69.4,12607
91,42.5,75.3,13116.5
90.8,42.7,80.8,13732
90.8,42.7,82.1,13844.8
90.9,42.9,84.1,13976.3
90.9,45.4,79.8,12699.8
90.9,45.6,74.6,12030.3
90.8,45.6,68.8,11386.3
90.9,45.4,61.3,10813.8
90.9,45.2,55.6,10270.8
90.9,45,49,9768.5
90.9,44.8,43.3,9396.5
90.9,44.6,37.3,8974.7
90.9,44.6,36.7,9013.3
90.9,44.6,35.7,8878
90.9,45.4,38.4,8900
90.6,46.4,44.2,9123.7
90.9,46.8,50.7,9569
90.8,47.2,56,9964
90.9,47.6,62.6,10358
90.9,47.6,68.3,10946.3
90.7,48,75.3,11470
90.9,48.2,81.3,11903.7
90.9,48.2,82.1,12160
90.7,48.4,83.7,12295.5
90.9,50.7,80.6,11182
90.8,50.9,74.8,10483.5
90.8,51.1,68.7,9792.5
90.8,50.9,61.5,9371.5
90.5,50.7,55.8,8750.5
90.9,50.5,48.8,8388.5
90.9,50.3,42.9,8087.3
90.8,50.1,36.9,7718.8
90.8,50.1,36.5,7668.8
90.8,50.1,35.5,7667.8
90.9,50.9,38.2,7655.3
90.9,51.9,44.2,7896.3
90.8,52.3,50.3,8196
90.9,52.7,56.7,8534.5
90.9,52.9,63.2,9020.3
90.7,53.2,68.3,9456.3
90.9,53.4,75.3,10038.8
90.8,53.6,80.6,10493.5
90.9,53.6,83.3,10618.5
90.9,55.6,79.8,9748.3
90.9,56,73.8,9072
90.8,56.2,68.3,8517.5
90.5,56,62.1,8085.8
91,55.8,55.8,7686.8
90.9,55.6,49.6,7355.5
90.9,55.4,43.7,6822.8
90.9,55.2,37.8,6628
90.9,55,36.1,6561
90.9,55.8,38.8,6657.7
90.8,56.7,45,6883.3
90.9,56.9,51.1,7045.5
90.8,57.1,56.5,7400.5
90.8,57.1,62.3,7766.5
90.9,57.1,69,8343.5
90.9,57.3,75.5,8840.8
90.9,57.5,81.3,9281.5
99.1,57.5,84.3,10225.3
98.9,57.5,79.8,9800
98.9,57.3,75.5,9318.5
98.9,57.3,69.4,8904.3
98.7,57.1,63,8450
98.8,56.9,58.1,8028.5
98.6,56.7,51.7,7563
98.9,56.3,44.6,7255.8
98.8,56,39.4,6938.5
98.9,55.4,36.7,6984
98.9,54.4,39.4,7391
98.7,53.8,45.2,7926.8
98.9,53.4,51.3,8529.5
98.9,53.4,58.1,8832.3
98.8,53.4,64.2,9301.3
98.9,53.6,71,9844
98.5,53.6,76.5,10199.3
98.9,53.8,83.5,10976.3
98.9,54,84.5,11047.5
98.7,53.6,89,11310.8
98.8,52.3,83.1,11192.3
98.9,51.9,77.9,10908.5
98.7,51.5,71.8,10263.5
98.9,51.3,65.6,9720.3
98.7,50.9,58.5,9392.5
98.9,50.7,52.1,8988.3
98.5,50.7,47.2,8458
98.9,50.5,40.4,8233.8
98.9,50.1,37.6,8137.3
98.8,48.6,40.6,8756.3
98.8,47.8,46.2,9360
99,47.6,52.5,9955.5
98.8,47.6,58.1,10483.7
98.9,47.6,65,11003.3
98.9,47.8,71.8,11433.8
98.8,48,77.7,11983.5
98.9,48.2,84.1,12672
98.7,48.2,86.7,12771.3
99,46.8,82.9,12868.5
98.8,46.2,78.1,12440.5
98.7,45.8,72,11769
98.9,45.8,64.8,11436.5
98.7,45.4,58.9,10802.3
98.8,45.2,53.6,10503.5
98.9,45.2,47.2,9986.8
98.7,44.8,40.6,9704.5
98.7,44.8,40.2,9640.8
98.9,44.4,37.8,9556
98.7,43.1,40.7,10167
98.9,42.3,46,10825
98.9,42.1,52.9,11472
98.8,42.1,58.9,11911.3
98.9,42.1,65.2,12498.8
98.9,42.1,70.8,13070.3
98.4,42.5,78.1,13674.8
98.9,42.5,82.7,14279.8
98.9,42.5,85.7,14653.8
98.9,41.1,83.3,14715.5
98.9,40.7,77.7,14191.8
98.8,40.4,72,13644.8
98.9,40,64.6,13088.5
98.8,39.8,58.9,12517
98.9,39.6,53.1,12093.5
99,39.4,47.6,11633
98.8,39.4,40.4,11236.8
98.8,39.2,39.8,11084.5
98.9,39.2,38,10964.5
98.7,37.8,40.4,11738
98.9,36.9,46.2,12451.3
98.8,36.7,52.3,13078.3
98.9,36.5,57.9,13690.5
98.9,36.7,63.4,14315.5
98.7,36.7,70.6,14893
98.9,37.1,76.9,15576.5
98.8,37.1,83.1,16296.3
98.9,37.3,83.9,16241.5
98.9,37.3,85.3,16583
98.9,35.9,81.9,16630.3
98.4,35.3,76.9,16055.8
98.9,34.9,70.4,15508
98.9,34.7,64.4,14973.3
98.5,34.5,58.1,14238.5
98.9,34.3,52.1,13662.3
98.9,34.1,47.4,13403.3
98.8,33.9,40.6,12872.5
98.8,33.7,38.4,12650.3
98.7,32.3,40.4,13367.3
98.9,31.7,45.8,14108.5
98.8,31.3,51.9,14822
98.8,31.3,57.9,15667.7
98.8,31.3,64.4,16156.8
98.9,31.5,70,16977
98.8,31.7,77.1,17654.5
98.7,31.9,82.7,18326.8
98.8,32.1,84.7,18602.3
98.9,30.6,82.9,18775
98.4,30,77.1,18025.5
98.9,29.6,72,17540
98.7,29.4,65.2,16795.8
98.9,29.2,58.7,16336
98.9,29,52.7,15713.8
98.9,28.6,46,15069.3
98.8,28.6,41.1,14634.3
107.2,28.2,36.9,15759.8
106.9,28.1,40.7,16107.3
106.8,27.9,45.8,16572
106.9,28.2,52.3,17318.7
106.8,28.4,58.7,17950.5
106.3,28.6,65.2,18411
106.9,28.8,72,19206.8
106.7,28.8,77.7,19972.3
106.9,29.2,84.7,20730.5
106.9,29.2,84.5,20736.5
106.8,29.4,87.3,21200.3
106.8,31.3,82.9,19578
106.5,31.7,77.7,18673.3
106.9,31.7,72,17899.8
106.7,31.7,65.2,17066.8
106.9,31.5,60.3,16746.3
106.6,31.3,53.8,15860.3
106.8,31.3,48,15462.8
106.3,31,41.5,14844
106.5,31,40.9,14879.8
106.8,30.8,38.4,14857.3
106.7,32.1,40.9,14564.8
107,32.7,47,14947.5
106.9,33.1,53.2,15321.8
106.9,33.3,58.7,15950
106.8,33.5,64.8,16533.3
106.9,33.7,72,17182.5
106.8,33.9,77.1,17755.8
106.9,34.1,83.9,18521
106.9,34.3,86.5,19030.8
106.8,36.5,81.3,17450.3
106.4,36.9,75.9,16444.7
106.9,36.7,70.6,15977
106.7,36.7,63.6,15204.3
106.9,36.7,57.7,14596.5
106.7,36.5,52.9,14153.5
106.9,36.3,46.6,13668.5
106.4,36.3,40,13128.5
106.6,36.1,39.6,13138
106.8,36.1,37.6,12976.3
107,37.1,40.2,12968.3
106.9,37.8,45.8,13052.5
106.8,38.4,51.9,13558
106.9,38.6,57.7,13945.5
106.9,39,63.2,14521.3
106.8,39.4,69.6,15022.3
106.9,39.6,76.7,15669.8
106.9,39.8,83.1,16279.8
106.9,40,83.7,16488.8
106.9,40,84.1,16512.5
106.5,40.2,86.3,16562.8
106.3,42.1,81.3,15269
107,42.7,75.9,14461.3
106.8,42.9,70.2,13883
106.8,42.9,63.4,13160.3
106.9,42.7,58.1,12690.3
106.8,42.7,51.1,12183.3
106.9,42.5,45.4,11704.8
107,42.5,39.4,11310.3
106.8,42.5,37.1,11133.5
106.4,43.5,39.6,11064
106.9,44.4,45.2,11240.7
106.8,45,51.9,11628.8
106.9,45.4,58.3,12130.8
106.8,45.8,64.2,12427
106.9,46,70.6,13010.8
106.9,46.2,76.5,13533.3
106.7,46.6,82.5,14094.8
106.4,46.6,83.1,14174.3
106.9,46.6,85.5,14370.8
106.9,48.8,81.7,13194.5
106.9,49.4,76.1,12426
106.9,49.4,69.4,11820.3
106.8,49.4,63.4,11188.3
106.8,49.4,57.7,10751.3
106.9,49.2,50.7,10304.8
106.8,49,44.4,9853
106.9,48.8,38.4,9592.3
106.7,48.8,36.5,9356.7
107,49.8,39.4,9382.5
106.9,50.7,45.2,9591.3
106.7,51.1,51.5,9919
106.9,51.5,57.7,10312.3
106.8,51.9,63.6,10642
107,51.9,69.8,11127
106.9,52.3,75.9,11655.8
106.4,52.5,81.9,12270.8
106.7,52.5,82.7,12183.5
106.8,52.7,85.5,12451.5
106.8,54.6,82.1,11463.5
106.9,55.2,75.5,10768.5
106.7,55.4,70.2,10254.3
106.8,55.4,63.2,9605.5
106.9,55.2,57.1,9327.3
106.9,55,50.5,8974.8
106.9,55,45.2,8548.3
106.8,54.6,38.6,8222.8
106.9,54.6,36.7,8101
106.8,55.6,39,8182
106.5,56.5,45,8183
106.9,56.9,51.3,8537.3
106.7,57.3,57.1,8922
106.9,57.5,63.6,9428
106.9,57.9,70.8,9790.3
106.4,58.1,75.7,10108
106.9,58.3,82.7,10632.3
115,58.7,86.7,11732.8
114.3,58.7,81.9,11048
114.9,58.7,76.5,10721.3
114.9,58.5,69.8,10166.3
114.9,58.3,62.6,9700.3
114.9,58.1,56.5,9382
114.9,58.1,50.1,8900
114.9,57.9,44.6,8727
114.8,57.5,38.2,8369.3
114.9,57.1,35.9,8344
114.9,56,39,8856.8
114.9,55.4,45,9332.3
114.8,55.2,51.7,9848.8
114.7,55.2,57.9,10235
114.4,55.2,64,10599
114.9,55.4,70.8,11214
114.7,55.6,76.1,11678.3
114.9,55.8,82.7,12117.5
114.9,55.8,82.5,12128.8
115,55.6,86.1,12535.8
115,54.2,81.9,12644.8
114.9,53.6,75.1,12075.5
114.8,53.4,69.6,11609.8
114.8,53.1,62.5,11347.5
114.9,52.9,56.9,10694.3
114.7,52.7,50.3,10305.3
114.9,52.5,44.2,10006.5
114.4,52.3,37.8,9550.3
114.9,51.9,35.9,9621.5
114.3,50.7,38.8,10110.8
114.9,50.1,45.2,10752
115,49.8,51.1,11333.5
114.9,49.8,56.7,11812.8
115,50,63.2,12167.3
114.8,50.1,69.4,12748.5
114.7,50.3,76.7,13286.5
114.9,50.5,83.1,13754
114.8,50.3,86.3,14217.3
114.4,48.8,81.3,14274.8
114.9,48.4,75.9,13737.5
114.7,48.2,69.2,13134.8
114.7,47.8,62.3,12597.8
114.9,47.6,56.7,12367
114.4,47.4,50.1,11832.5
114.9,47.2,44.4,11480.3
114.7,47,37.8,11029.7
114.9,46.8,36.1,11015
114.6,45.6,38.8,11703.8
114.9,44.8,44.6,12229
114.7,44.6,50.9,12871.5
114.9,44.6,57.3,13346
114.9,44.6,64,13934.3
114.9,44.8,69.6,14479.8
114.7,45,76.3,14998
114.9,45.2,81.7,15694.8
114.7,45.2,85.9,16015.5
114.3,43.5,81.3,16085
114.9,43.1,75.1,15602.5
114.9,42.7,69.4,15131
114.9,42.5,61.9,14392.8
114.4,42.3,56.5,13886.5
114.9,42.1,50.1,13573
114.9,41.9,44.2,12915
114.9,41.7,38,12646.5
114.9,41.7,37.6,12623.3
114.7,41.5,36.1,12616.8
114.9,40.4,38.8,13242.5
114.7,39.6,44.6,13929
114.9,39.2,51.3,14551.5
114.6,39.2,56.9,15005.3
114.8,39.2,63.8,15785.5
114.8,39.4,70,16408
115,39.6,76.5,17062.8
114.8,39.6,82.7,17685.8
114.9,39.6,83.1,17719
114.9,38.8,87.1,18694.3
115,38,82.5,18192
114.8,37.6,75.9,17732.3
114.7,37.3,68.5,17020.8
114.9,36.9,63,16420.5
114.8,36.5,56.7,15899.8
114.9,36.3,50.7,15430.8
114.8,35.9,45,15091
114.9,35.5,38.4,14490.8
114.9,35.5,38,14637.5
114.9,35.3,36.7,14482.3
114.9,33.9,39.4,15309.3
114.9,33.1,44.6,16113
114.7,32.7,51.3,16961.5
114.9,32.5,57.5,17589.8
114.7,32.3,63.2,18346
114.9,32.3,69.6,19031.8
114.7,32.5,76.5,19898.7
114.9,32.5,81.7,20612.5
114.9,32.7,83.3,20688
115,32.7,85.1,20883
114.3,31,82.3,20953
114.7,30.4,78.6,20500.8
114.9,30,72.2,19738.8
114.7,29.8,66.1,19117
114.9,29.6,60.1,18551.5
114.8,29.4,53.8,17995.3
114.3,29.2,46.8,17373
114.9,29,40,16863
123.1,28.4,36.9,18301.7
122.9,28.4,40.4,18623.8
122.7,28.4,46.8,19211.5
122.9,28.4,52.5,19824
122.7,28.6,59.3,20424
123,28.8,65.9,20991.3
122.6,29,72.4,21580
122.9,29.2,79,22314.8
122.7,29.2,84.3,22854.5
122.8,29.2,84.9,23031
122.9,29.4,87.1,23228.5
122.9,31.3,83.7,21822
122.6,31.7,79,20945.5
122.9,31.7,72,20307.8
122.9,31.7,64.4,19478
122.6,31.7,58.9,18863.3
122.9,31.5,53.1,18452.3
123,31.3,47,17900.5
122.8,31.2,41.1,17448.8
122.9,31.2,38.8,17320.8
122.9,32.1,41.1,17319
122.8,32.7,46.8,17457.5
122.7,33.1,53.6,17822.5
122.9,33.5,59.5,18280.7
122.7,33.7,66.1,18852.5
122.5,33.9,72.6,19481
122.9,34.1,79.2,20053.3
122.6,34.3,85.3,20603.5
122.8,34.5,89,20902.3
122.9,36.5,84.1,19575
122.6,36.7,78.6,18751
122.9,36.9,72.4,18160.3
122.7,36.9,65.6,17398
122.9,36.7,59.9,16985.3
122.7,36.5,53.2,16484.5
122.9,36.3,47.2,16036.3
122.9,36.1,40.4,15578.3
122.3,36.1,38.6,15342.5
122.9,36.9,41.1,15462
122.8,37.8,46.6,15575.3
122.9,38.2,53.2,16038
122.7,38.4,59.7,16406
122.9,38.6,64.8,16843.8
122.8,38.8,72.6,17447.7
122.9,39.2,78.8,17955.8
122.4,39.2,84.7,18569.5
122.7,39.4,85.3,18561.8
122.9,39.6,89,18876
122.8,41.5,83.5,17428
122.8,41.9,77.7,16598.8
122.7,41.9,72,16054.8
123,41.9,64.8,15355
122.9,41.7,58.7,14940.3
122.6,41.5,52.3,14546.3
122.9,41.3,46.8,14292.5
122.7,41.1,40.2,13743.5
122.8,41.1,39.8,13720
122.9,41.1,38.2,13735.3
122.3,41.9,40.7,13556
122.9,42.9,46.4,13900
122.7,43.3,53.6,14185.3
123,43.7,59.9,14623.8
122.9,44,66.3,15062.3
122.9,44.2,72,15498
122.9,44.6,80.6,16071.3
122.3,44.6,87.1,16561
122.7,44.6,87.3,16619.3
122.8,44.8,89.6,16891.5
122.9,46.6,85.7,15904.8
122.8,47.4,78.4,14834.3
122.9,47.4,72,14189
122.8,47.4,65.9,13635
122.9,47.2,59.3,13239.5
122.8,47.2,53.6,12862.3
122.8,47,47.4,12509
122.9,46.8,40.7,12049.5
122.2,46.8,38.4,11973.8
122.9,48,40.7,11994.5
122.7,48.8,46.6,12071.5
122.9,49.2,53.1,12525.8
122.7,49.4,59.9,12766.8
122.9,49.6,66.3,13263
122.8,49.6,72.6,13763.3
122.9,49.8,79.6,14368.8
122.3,50,85.5,15013.3
122.8,50.1,89,15209.3
122.8,51.9,84.1,14122.8
122.9,52.3,79,13337.5
122.8,52.5,72.4,12786
122.9,52.3,66.1,12400.8
122.9,52.3,59.7,11799.3
122.9,52.1,53.4,11346.8
122.7,51.9,47.2,10982.5
122.9,51.7,41.3,10733.8
122.9,51.7,38.8,10633.8
122.9,52.7,41.1,10565.8
122.7,53.4,46.8,10780
122.9,53.8,53.1,10918
122.7,54.2,58.9,11299.3
122.9,54.4,65.7,11858.3
122.7,54.8,72.6,12381.3
122.9,55.4,79.4,12699.8
122.7,55.6,85.3,13102.8
138,56.3,90,14960.7
137.8,56.3,85.5,14526.5
137.6,56.3,79,14039
137.9,56,72.4,13655.5
138,55.8,65.2,13286.8
137.9,55.6,59.3,12747.3
137.9,55.4,53.2,12506
137.7,55.2,47.2,12075.5
137.7,55,40.9,11835.8
137.8,55,40.4,11922.3
137.9,54.4,37.6,11781.3
137.9,53.2,40.7,12359.5
137.6,52.7,46.6,12863.7
137.9,52.5,53.1,13400.3
137.8,52.5,59.7,13842.5
137.8,52.7,66.7,14212
137.9,52.9,72.6,14780.5
137.1,53.1,78.8,15049.8
137.9,53.4,85.1,15625.3
137.9,53.4,89,16023.8
137.8,51.7,84.1,16086.8
137.7,51.5,78.8,15743.5
137.6,51.3,71.6,15097.5
137.6,51.1,64.8,14610.3
137.9,51.1,57.9,14067.3
137.8,50.7,51.9,13818.8
137.8,50.7,45,13463
138,50.7,39.2,13143.8
137.7,50.3,37.1,13056.5
137.9,49.2,39.8,13707.3
137.8,48.4,46.2,14192.8
137.2,48.4,52.9,14736.5
137.9,48.4,58.7,15228.5
137.6,48.6,65,15720.8
137.9,48.8,72.6,16262.3
137.6,49,78.2,16745.8
137.9,49.2,85.1,17269.3
137.7,49.2,89,17484.3
137.9,47.4,84.1,17801
138,47.2,77.5,17306.5
137.4,46.8,70.6,16496.5
137.3,46.6,64.4,16086
137.9,46.4,57.7,15715.8
137.9,46.2,51.1,15339.5
137.7,46.2,45.4,14968.7
137.6,46,38.4,14424.3
137.8,45.8,36.9,14538
137.9,44.6,39.6,15167
137.8,44,45.8,15891
137.8,43.8,52.1,16331
137.6,43.8,58.9,16958.5
137.9,43.8,65,17441.8
137.6,44,71.8,17906.5
138,44.2,77.5,18514.7
137.8,44.4,84.3,19170
137.8,44.4,84.9,19173
137.9,44.2,89,19619.8
137.6,42.7,83.9,19725
137.9,42.3,78.2,19177.3
138,42.1,70.8,18607.8
137.8,41.9,64.4,17937
137.8,41.5,57.5,17522
137.9,41.3,51.3,17145.8
137.6,41.3,45.2,16619
138,41.1,38.8,16453
137.6,40.9,37.1,16257.5
137.9,39.8,39.6,16916.5
137.6,39.2,45.8,17721.8
137.2,38.8,52.3,18205.8
137.9,38.8,58.3,18891
137.6,38.8,64.6,19461
137.9,39,72,20141.5
137.3,39.2,77.5,20455.8
137.8,39.4,84.5,21428.3
137.9,39.4,89,21669
137.6,37.8,83.9,21754.3
137.7,37.3,77.7,21247.8
137.6,37.1,70.6,20655.5
137.2,36.9,64.4,20102.5
137.2,36.7,57.5,19540.8
137.2,36.5,50.7,18983
137.9,36.3,44.8,18721.5
137.6,36.1,38.4,18176
137.9,35.9,37.1,18288.3
137.3,34.9,39.4,18711.8
137.9,34.1,45.8,19828.8
137.7,33.9,51.5,20355.3
137.9,33.9,58.1,21114.8
137.8,33.9,65.6,21712.8
137.9,34.1,71.4,22253
137.8,34.3,77.7,22913.8
138,34.5,84.3,23534.7
137.6,34.5,84.5,23611.5
137.8,34.5,89,24101.3
137.9,32.9,83.7,24259
138,32.3,77.5,23754.8
137.9,32.1,71.4,23146
137.9,31.9,64.2,22503.3
137.8,31.7,57.7,21886.3
137.7,31.5,50.7,21347.8
137.6,31.3,44.6,20824.3
137.2,31.2,38.2,20184.5
153,30.8,35.5,23599
152.9,30.8,39.4,23841
152.5,31,45.6,24344.3
152.9,31,52.1,24897
152.4,31.2,58.3,25403.5
152.9,31.5,65.2,26010.5
152.7,31.7,72.6,26566.3
152.9,31.9,78.2,27269.3
152.6,31.9,83.5,27675
152.5,31.9,83.9,27841.8
152.9,32.3,89,28254.5
152.8,34.1,84.5,26635.8
152.9,34.7,77.5,25585.8
152.9,34.7,70.8,24881
152.8,34.5,64,24319
152.5,34.3,57.9,23595.3
152.9,34.3,51.1,23199.8
152.8,34.1,44.4,22687.5
152.7,33.7,37.6,22228
152.8,33.7,36.5,22209.5
152.9,34.5,39.4,22210.3
152.9,35.3,45.8,22296.8
152.5,35.7,52.1,22441.3
152.8,35.9,58.5,23045.7
152.9,36.3,65.4,23635.3
152.9,36.3,72,24066
152.1,36.5,78.4,24574.8
152.8,36.7,85.5,25424.8
153,36.9,89,25685.3
152.9,38.8,83.9,24184
152.8,38.8,78.4,23286.8
152.8,38.6,71.4,22731
152.5,38.2,64.6,22297
152.9,38,59.3,22100.8
152.9,37.6,52.3,21551.5
152.5,37.5,46.4,21006.3
152.9,37.3,40.6,20780.5
152.9,37.1,38.4,20665.3
152.8,38,40.9,20543.5
152.6,38.6,47,20576.3
152.9,39,53.4,20994.8
152.8,39.2,59.1,21552.3
152.9,39.4,66.9,22010.5
152.6,39.6,72.8,22566.3
152.9,39.8,78.8,23243.8
152.6,40,84.3,23678.3
152.8,40.2,87.3,23891.5
152.6,41.9,84.5,22737.3
152.6,42.5,77.9,21714
152.9,42.5,72.6,21167.8
152.7,42.3,65.9,20461
152.4,42.3,59.9,20007.8
152.9,42.1,53.8,19581.8
152.5,41.9,47.2,19119.3
152.9,41.7,40.7,18815.8
152.9,41.5,38.4,18707
152.8,42.7,41.1,18509
152.6,43.5,47.4,18709
152.9,43.8,53.4,19014.3
152.5,44,59.7,19373.3
152.9,44.2,66.3,19822.5
152.8,44.4,72.2,20308.5
152.9,44.8,79.4,21034
152.5,44.8,86.1,21561.5
152.8,45,89,21839
152.3,46.6,85.3,20501.8
152.9,47.4,78.2,19760.3
152.9,47.4,72.4,19017
152.9,47.4,67.1,18549.3
152.8,47.2,59.7,18022.8
152.8,47,53.6,17683.7
152.7,47,48,17280.8
153,46.8,41.3,16925.8
152.4,46.6,38.8,16723.8
152.9,47.6,41.1,16524.3
152.8,48.4,47.6,16836
152,48.8,53.6,16861.5
152.8,49.2,60.1,17472.8
152.5,49.4,66.3,17781
152.9,49.6,73.2,18401.8
152.7,50,79.6,18808.5
152.9,50.1,85.1,19192.3
152.5,50.5,89.2,19472.5
152.5,52.5,84.9,18090
152.8,52.9,79.2,17561.3
152.7,53.1,73.2,16939.8
153,52.7,66.5,16355.5
152.8,52.5,59.9,16076.5
152.6,52.3,53.8,15707.5
152.7,52.1,48.6,15308.3
152.9,51.7,42.3,15144.3
152.5,51.7,39.2,14870.5
152.8,52.7,41.5,14861.5
152.7,53.4,47,15029.5
152.1,53.8,53.6,15152.3
152.8,54.2,60.1,15587.8
152.6,54.4,66.5,15945
152.9,54.6,73,16489.5
152.7,54.8,79.8,16837.5
152.9,55,86.7,17404.3
168.2,55.4,90,20102
167.7,55.4,86.1,19627.3
167.9,55.4,79.8,19086.5
167.8,55.2,73.2,18654.3
167.9,55,66.9,18203.5
167.7,54.8,60.7,17648.8
167.9,54.6,54.2,17432.3
167.9,54.4,48,17106.3
167.7,54.2,42.1,16795.7
167.7,54.2,41.7,16769.3
167.9,53.8,38.6,16769
167.3,52.3,41.3,17376.3
167.9,51.7,47,18243.3
167.9,51.5,53.4,18753.3
167.8,51.3,60.1,19215.5
167.9,51.5,66.5,19739.8
167.8,51.5,72.6,20153.5
167.9,51.7,79.2,20776.3
167.7,51.9,84.7,21175.8
167.3,50.7,90.8,22154.5
167.9,50.1,85.9,21866
167.8,49.6,78.8,21341.8
167.1,49.6,73,20791.3
167.9,49.4,66.5,20525
167,49.2,60.5,19858.5
167.8,49.2,54.2,19635.8
167.9,49,49,19287.8
166.9,48.8,42.1,18787.3
167.7,48.4,39,18802.3
167.5,47,41.7,19574.5
167.8,46.4,46.6,20259.3
166.8,46,53.6,20744.3
167.8,46.2,60.3,21484.3
168,46.4,65.6,21952
167.8,46.6,72,22343
167.9,46.8,78.2,22787.5
166.9,47,84.9,23048.8
167,47,85.7,23323.8
167.7,47,89,23722
167.3,45.6,84.9,23874.3
167.9,45,79,23593.5
167,44.6,72.6,22832
167.9,44.2,65.7,22666
167.3,44,59.5,22137.8
167.8,44,53.6,21876.5
167.9,43.8,49,21499.8
167.5,43.5,42.1,21121.8
167.6,43.5,41.5,20966.3
167.8,43.3,39.2,21019.3
167.9,42.1,41.7,21878.8
167.7,41.3,47.6,22642.5
168,40.9,53.8,23296.8
167.7,40.9,59.3,23746
167.9,41.1,65.7,24329.8
167.5,41.1,72.6,24773.3
167.9,41.3,79.4,25614.3
167.5,41.5,85.1,25980.8
167.8,41.5,89,26337.3
167.6,40.4,84.5,26714
167.9,40,79.2,26129.3
166.8,39.6,73,25339.8
167.9,39.4,66.3,25105
167.9,39.2,60.3,24759.5
167.7,38.8,53.8,24194
167.9,38.6,47.8,23926.5
167.9,38.4,41.9,23501
167.9,38.4,41.3,23420
167,38.4,39.6,23204.3
167.9,37.1,41.7,24082.3
166.9,36.3,47.2,24823
167.9,35.9,53.4,25809.5
167.5,35.9,58.7,26138.8
167.8,35.9,66.7,26952
167.5,36.1,73,27447.8
167.9,36.3,79.2,28225.5
167.7,36.5,86.1,28661.8
167.9,35.5,91,29857.5
167.8,34.9,85.7,29430.5
168,34.5,79,28935
167.8,34.5,73.6,28258.5
167.6,34.1,65.4,27585.5
167.9,33.9,59.7,27172.5
167.7,33.7,52.9,26577.3
167.9,33.7,47.4,26320.3
167.9,33.5,41.5,25744
167.4,33.5,39.4,25674.5
167.9,32.3,41.3,26502.8
167.5,31.3,47.2,27428.3
167.9,31.3,53.2,28191.5
167.7,31.3,60.3,28832
167.9,31.5,66.1,29287
167.8,31.7,72.6,29848
167.9,31.9,78.1,30429
167.3,32.3,84.3,30977.3
166.8,32.3,85.9,31046.3
167.7,32.5,89,31382
167.5,31.2,84.9,31522.7
167.9,30.8,79,31108
167.9,30.4,72,30451.3
167.7,30.4,65.4,29945.3
167.9,30.2,59.5,29279.5
167.7,30,52.7,28716
167.9,29.8,46.4,28322.3
167.7,29.6,40,27796.3
183.1,29.4,36.3,31763.8
182.8,29.4,40.2,32188.3
182.7,29.6,46.4,32708.5
182.9,29.8,52.3,32994.3
182.4,30,58.9,33383
182.9,30.2,65,34136.8
182.6,30.4,72,34640
182.9,30.6,78.8,35176.8
182.6,30.8,85.1,35887.3
182.8,31,89,36140.8
182.7,32.9,84.7,34442.8
182.6,33.5,78.2,33252
182.9,33.5,72,32478.3
182.9,33.5,64.8,31861.5
182.6,33.3,58.5,31170.3
183,33.1,51.7,30833.3
182.7,33.1,46.4,30320
182.9,32.9,40,30049
183,32.9,37.8,29956.5
182.8,33.7,40.2,29615.5
182.9,34.5,46.4,29664
182.7,34.9,52.1,29943.5
182.9,35.3,58.9,30327.5
182.7,35.5,66.3,30817.3
182.9,35.7,72,31312.3
182.8,36.1,78.8,31800.3
182.2,36.3,84.7,32160.8
182.7,36.5,89,32583.5
182.4,38.4,84.5,30919.5
182.9,39,77.9,30078.8
182.2,39,71.6,29058.8
182.9,38.8,64.4,28792
182.9,38.6,57.7,28309.3
182.7,38.6,51.9,27761.8
182.9,38.4,45.2,27350
182.7,38.2,38.8,26978.8
182.8,38,37.3,27024.3
182,39,40,26530
182.9,39.8,46.2,26780.8
182.6,40.2,52.3,26848.8
182.9,40.6,58.7,27453.7
183,40.9,64.8,27752
182.7,41.1,72,28252
182.9,41.3,79,28796.5
182.4,41.5,85.5,29260.3
182.8,41.7,89,29517
182.7,43.8,84.3,27832
182.8,44.4,78.1,27028.3
182.8,44.4,70.6,26411.5
182.7,44.2,64.6,25806.3
182.7,44,58.1,25239.8
182.9,43.8,51.7,24986.7
183,43.8,46,24550
182.8,43.5,39.2,24287.8
182.8,43.5,38.8,24161
182.9,43.5,37.3,24206.5
182.4,44.4,39.8,23885.3
182.9,45.4,46,24013.5
182.4,45.8,51.9,24149
182.9,46,59.1,24626.5
181.9,46.4,65.2,24663
182.8,46.6,72,25494
182.9,46.8,77.7,25868.3
182.7,47,83.3,26215.3
182.7,47,84.7,26359
182.9,47.2,89,26644.3
182.9,49.6,83.9,24884
182.9,49.8,77.7,24204
182.8,49.8,71.4,23708
182.4,49.6,64,23140.3
182.9,49.4,57.9,22787.5
182.8,49.2,51.3,22426.8
182,49,45,21841.8
182.9,49,38.6,21811.5
182.9,49,38.2,21779.5
181.8,49,36.9,21489.3
182.8,49.8,39.8,21669
182.3,50.7,45.6,21389.8
182.9,51.3,52.7,21790
182.5,51.5,58.5,21931.3
182.9,51.9,65.6,22434.8
181.9,52.1,72,22592.7
182.8,52.3,78.1,23280.3
182,52.5,84.7,23543.8
182.7,52.5,89,23897
182.9,55.2,83.7,22317.3
182.8,55.4,78.1,21757.8
182.8,55.4,71.4,21186
182.8,55.2,65,20790.5
182.5,55,57.5,20297
182.9,54.8,51.1,20195.3
182.6,54.6,45,19759
182.9,54.4,39,19461.8
182.9,54.4,38.6,19476.3
182.9,54.4,37.1,19401.5
182.8,55.4,39.8,19197
182.3,56,45.8,19162.8
182.8,56.5,52.7,19596
181.9,56.7,58.7,19577.3
182.8,56.9,65.7,20298
182.4,57.1,72.6,20450
182.8,57.3,79,20963
182.9,57.5,84.7,21424
198.1,58.1,89.2,24529.3
197.9,58.1,85.1,23982
197.8,57.7,78.2,23561.5
197.6,57.5,72,23258.8
196.9,57.1,65.2,22965.8
197.9,56.7,59.1,22837.3
198,56.5,52.7,22462.8
197.7,56.3,47,22255.8
197.9,56,40.4,21990
197.3,55.6,38,21824.8
197.9,54.2,40.9,22827.3
197.8,53.6,46.6,23464.5
197.9,53.4,53.4,24036
197.7,53.4,59.9,24398
197,53.4,65.6,24555.5
197.8,53.6,72,25303.3
197.7,53.6,78.2,25709
197.7,53.8,85.1,26095.8
198,53.4,89.4,26741.7
197.7,52.1,84.1,26789
197.9,51.7,78.6,26606.5
197.6,51.3,72,26114.8
196.7,51.3,64.8,25490.3
197.8,51.1,58.9,25389.8
197.9,50.9,52.7,24998
197.6,50.7,47.4,24844
197.9,50.5,40.9,24482.8
197.9,50.1,38.2,24517.3
197.6,48.8,40.9,25470.5
198,48,47.2,26326.8
197.6,47.8,53.8,26827.5
197.7,47.6,60.3,27297.8
197.8,47.6,66.3,27962.3
196.9,47.6,72.4,28234.3
197.8,47.8,78.4,29076
197.9,47.8,85.1,29487.3
197.9,47.8,85.3,29715.3
197.9,46.8,90.6,30642
196.8,46.2,85.9,30121.8
197.8,45.8,79.6,30049
196.9,45.4,73.2,29584.5
197.9,45.2,66.3,29339.8
197.9,45,60.5,28975.8
197.6,44.8,54,28472
197.9,44.4,47.6,28264.8
197.3,44.2,41.9,27811.3
197.8,44,39.4,27946.8
198,42.5,41.5,29002
197.7,41.7,46.8,29771.3
197.9,41.5,53.4,30593
197.5,41.3,60.1,30863.8
197.9,41.3,66.3,31536.5
197.2,41.3,72.8,31940
197.7,41.5,78.8,32617.3
197.9,41.7,86.1,33442.3
196.6,41.7,89.4,33521
197.2,40,84.7,33918
197.9,39.6,79.2,33523.8
197.7,39.4,72.2,32911.3
198,39.4,66.1,32594
197.6,39.2,60.1,31871.5
197.9,39,53.6,31599
197.2,38.8,47.2,31114.7
197.8,38.6,41.7,30856.3
197.8,38.6,40.9,30814
197.8,38.6,40.7,30756.3
197.9,38.6,39,30695.8
197.3,37.5,41.3,31442.8
197.9,36.7,47.2,32574.5
197.9,36.5,53.4,33134.3
197.8,36.3,59.5,33815.8
198,36.3,65.4,34219.3
197.3,36.7,72.6,34580
197.9,36.9,80,35254.3
197.9,36.9,84.1,35807.3
196.9,37.1,87.3,35675
196.9,35.7,84.7,36243.3
197.9,35.3,78.1,36142.5
197.9,35.3,72,35565
197.7,35.1,65.4,34831
197.9,35.1,58.9,34429.5
197.7,34.9,52.3,33932.5
197.9,34.9,47,33524.5
197.4,34.7,39.8,32920
197.7,34.7,38.2,32946.5
197.9,33.7,39.8,33814.5
197.8,32.9,46.4,34791
197.9,32.7,53.2,35552.5
197.7,32.7,59.3,36093
197.9,32.7,65.7,36758.8
196.9,32.9,72,36904.5
197.8,33.1,78.4,37765.8
198,33.3,85.3,38338.5
197.1,33.5,85.9,38134.3
196.7,33.5,86.5,38175.5
197.8,32.9,90,39220.3
197.7,32.1,84.7,39033.8
197.7,31.7,78.4,38380.7
197.9,31.3,71.4,38106
197.9,31.2,64.2,37557.3
196.8,31,58.1,36840.5
197.9,30.8,51.3,36465.8
197.6,30.6,45.6,36084.3
197.9,30.4,38.4,35724.5
213.3,30.2,35.9,40437.5
212.8,30.2,39.8,40691.5
212.3,30.4,46.2,40868
212.9,30.6,52.5,41502.3
212.3,30.8,59.1,41766.3
212.9,31,65.2,42389.8
212.6,31.3,72,42885.3
212.9,31.3,77.9,43486
212.6,31.7,84.3,43880.3
212.7,31.7,84.9,44023.3
212.9,31.7,87.3,44313
212.8,33.9,83.9,42138.5
212,34.3,77.7,41029.5
212.9,34.3,72,40533.3
212.8,34.1,64.4,39843.3
212.2,34.1,57.9,39061
212.9,33.7,50.5,38962.8
212.8,33.7,44.8,38558.5
212.4,33.5,38.4,38024.5
212.6,33.3,37.3,38157.5
212.9,34.1,39.6,38042.5
212.2,35.1,45.8,37551.5
212.9,35.5,52.3,38036.3
212.1,35.9,58.9,38144
212.8,36.1,65,38683.3
211.5,36.3,72,38783.5
212.9,36.7,77.7,39682
212,36.9,84.3,39912.5
212.6,37.1,87.1,40195.8
212.7,39,84.1,38494
212.6,39.6,77.5,37341.5
212.6,39.6,70.8,36606.3
212.8,39.6,64.8,36244.5
212.7,39.4,57.9,35784
212,39.2,51.3,35263.5
212.8,39,44.8,35032.8
212.8,38.8,38.6,34637
212.9,38.8,37.1,34580.5
212.5,39.6,39.6,34299
212.9,40.4,45.6,34257.3
212.6,40.9,52.7,34411.5
211.5,41.1,57.9,34400.3
212.8,41.5,65.4,35015
212.7,41.7,72,35434.5
212.7,41.9,77.9,35989.5
212.9,42.3,85.3,36567
211.7,42.3,87.3,36516.3
212.6,44.6,83.9,34762.3
212.9,44.8,78.1,34026.5
212.8,44.8,70.8,33489.5
212.6,44.8,64.6,32871.3
212.9,44.6,57.7,32494
212.9,44.4,50.9,32154
212.3,44.2,44.8,31600.3
212.9,44,38.6,31516.3
212.9,44,38.4,31454.8
211.9,44,36.9,31348
212.8,44.8,39.6,31204.3
212.6,45.8,45.4,31105.3
212.9,46.2,51.9,31242
212.4,46.6,58.3,31485
212.9,46.8,65.7,31846
211.9,47.2,72,31944.5
212.8,47.4,78.1,32620
213,47.6,84.5,33288
212.6,48,89,33216.5
212.5,49.8,84.3,31646.3
212.9,50.3,77.5,30893
212.9,50.3,70.6,30245.5
212.7,50.1,64.6,29841.5
212.7,50,57.5,29306
212.9,49.8,50.9,29172.5
212.6,49.6,44.8,28793
212.9,49.4,38.6,28504.8
213,49.4,38.4,28511.3
212.8,49.4,38,28383.3
212.6,49.4,36.7,28509.3
212.9,50.3,38.8,28273.3
212.2,51.1,45.8,27962.7
212.9,51.5,51.5,28212.8
212.6,51.9,58.5,28438.5
212.9,52.1,64.8,28845.8
212.6,52.5,72,29259
211.6,52.7,78.4,29189.5
212.8,52.9,84.7,30052.3
212.9,53.1,89,30355
212.9,55.2,83.5,28609.3
212.8,55.6,77.7,27983.5
212.6,55.6,70.8,27316.5
212.3,55.6,64,27002.8
213,55.4,57.3,26664.8
212.9,55.2,50.5,26304.8
212.6,55,44.6,25992.3
212.9,54.8,38.4,25784
212.9,54.8,38,25875.8
212.1,54.8,36.7,25722.3
212.8,55.6,39,25522.5
212.8,56.5,45.6,25230.3
212.8,56.9,51.7,25550.5
212.3,57.3,58.5,25686.8
212.9,57.5,65.2,26129.7
212.1,57.9,72,26292.3
212.9,58.1,78.6,26863.5
211.6,58.3,84.1,27123
228.2,58.9,89,30552.3
227.5,58.9,84.7,30108.8
226.4,58.9,77.9,29352
227.9,58.7,70.6,29418.8
227.7,58.5,64.2,29047
226.8,58.3,57.7,28320.8
227.8,58.1,51.3,28447.3
227.1,57.7,44.6,28008.3
227.9,57.5,38.2,28018.8
227.9,57.5,37.8,27982.5
227.3,57.1,36.3,27951
227.8,56,39.4,28962.3
227.3,55.4,45.8,29544.3
227.9,55.2,52.5,30150
227.3,55.2,58.5,30493
227.8,55.4,64.4,30937
227.6,55.4,72,31319
227.9,55.6,78.8,31757
227.7,55.8,85.5,32078.8
227.8,55.8,85.5,32153.3
227.9,55.6,89,32478.3
227.9,54.2,84.1,32914.3
227.8,53.6,77.1,32711.3
227.5,53.4,70.8,32281.8
226.8,53.2,64,32005
227.9,52.9,57.1,31705
227.8,52.7,50.7,31386.8
227.4,52.5,44.6,31099.8
227.9,52.3,37.8,31055
227.3,51.9,36.5,30911.8
227.8,50.9,39.4,31769
226.6,50.1,45.8,32173.3
227.8,49.8,51.7,33191.5
228,50,59.1,33509.7
227.7,50,64.8,33973.7
227.9,50.1,71,34583
226.3,50.3,76.7,34486.5
227.8,50.5,84.1,35492.8
227.3,49.8,89,36228.8
